titles,category
'소주성·부동산' 실패 덮으려 102차례나…국가통계 손댄 文정부,Politiccs
'수돗물 228톤'·'500만 원 캣타워' 논란에 대통령실이 발표한 입장,Politiccs
"윤 변호인단, '윤 어게인' 신당 창당하려다 4시간여 만에 보류",Politiccs
"민주, ‘비명횡사’ 논란 업체에 경선 여론조사 또 맡겨",Politiccs
사저 돌아온 尹에게 꽃다발 건넨 입주민…김태효 안보실 1차장  모친이었다,Politiccs
국힘 1차 토론서 나경원·한동훈·홍준표 대결…'김문수 대 안철수'도,Politiccs
이재명 “임기 내 세종 대통령집무실·세종의사당 건립”,Politiccs
‘수신료 통합징수’ 방송법 가결… 내란특검법 등 7개 법안은 부결,Politiccs
"TV수신료 통합징수 원상 복귀 ""언론 침탈 내란 세력 청산 첫걸음""",Politiccs
"권영세 ""헌재, 고무줄 판결에 강력한 유감…민주 논리 복창""",Politiccs
"김성태 ""尹 신당? 이재명에 신세졌나"" vs  최재성 ""결국 창당""",Politiccs
"홍준표, 명태균 질문 받자 ""이재명에게 4가지 먼저 묻고 와라""",Politiccs
"윤석열 '손절 '시작... 안철수 ""탈당 결단해야, 이대론 대선 필패""",Politiccs
“대통령 내외 수고하셨습니다” 사저에 현수막 누가 걸었나 했더니,Politiccs
‘기자 폭행’ 권성동에 “입만 열면 자유민주주의 어쩌고 하더니…”,Politiccs
"홍장원, 尹 지시에 “왜 그러세요?”…12.3으로 돌아간다면 하고 싶은 말",Politiccs
"尹 손절론 확산.. 안철수 ""탈당 결단 내려야, 이대론 대선 필패""",Politiccs
"이준석 ""'윤어게인' 창당은 간 보기…윤, 국힘에 배신감 느낀 것 같다""",Politiccs
"[인터뷰] 홍장원 ""난 환갑 지난 블랙요원, 이젠 내 이름으로 신나게…""",Politiccs
[목요논박] ② '경선 불출마' 한덕수 대행 거취 변수,Politiccs
‘행정수도 세종’ 이번엔?…민주당 3룡 모두 밀었다 [이런정치],Politiccs
"한덕수, 빅텐트·단일화로 판 흔들고 개헌론 키우면 '이재명 대세론' 흔들 수도 [박동원의 시시비비]",Politiccs
'대선 대망론' 입 다문 한덕수에 출렁이는 여론… 관건은 '지지율',Politiccs
"이준석 ""나한테 극단적 선택 강요하더니 빅텐트? 금수의 마음""",Politiccs
"이준석 “尹, 전화 안받는 국힘의원들 배신감에 길길이…”",Politiccs
"""한덕수, 대통령 되려는 욕심으로 협상하면 '제3의 을사늑약' 나와""",Politiccs
윤석열의 무지 또는 착각…계엄은 군정이 아니다,Politiccs
트럼프 “조선에 돈 쓴다”…‘최강’ K조선 탄력받나 [박수찬의 軍],Politiccs
"[전격시사] “거대 양당 경선, 흥행은?” (김준일 시사평론가) 이재명 후보, 너무 몸조심·(최수영 정치평론가) 국민의힘 경선, 눈길은 끌었다",Politiccs
"尹부부 물 228톤, 캣타워 500만원 논란에…“통상적 수준” 해명",Politiccs
홍준표 “이재명에게 여배우 무상연애 왜 했냐 물어야”,Politiccs
"[전격시사] 안규백 더불어민주당 의원 -  “軍 문민 통제 이뤄져야 제2, 제3의 내란 없을 것… ‘내란 총리’ 韓, 나오면 떙큐”",Politiccs
이재명 선대위 “‘도봉역 벤츠 난동’ 李 아들 아냐…허위 유포자 고발할 것”,Politiccs
"윤희숙, 이재명 '선택적 모병제'에 ""나라 팔아먹는 포퓰리즘""",Politiccs
안철수 “윤석열 탈당하라...이대로면 대선 필패”,Politiccs
"尹부부 맡긴 투르크국견, 서울대공원이 키운다…비용 지원은 없어",Politiccs
"홍준표, 명태균 질문 받자 ""이재명은 여배우 농락..범죄자 정치인""",Politiccs
“미우나 고우나 충암의 아들”… 尹 모교 동문회 게시판 글 두고 갑론을박,Politiccs
"안철수 ""尹 전 대통령, 이제 탈당 결단 내려야…이대로면 필패""",Politiccs
"이준석 “국힘, 윤석열 전화 안 받기 시작…배신감에 길길이 뛰고 있을 것”",Politiccs
"[뉴스초점] 국힘 대선 후보, 오늘 '비전대회'…민주 3인방, 충청 공략",Politiccs
"이준석 ""국힘, 자살 강요하더니 입씻고 '빅텐트'? 금수의 마음""",Politiccs
"안철수 ""尹 이제 탈당해야...이대로면 필패""",Politiccs
'윤 어게인 신당' 창당 보류... 국힘 대선주자들도 '거리두기',Politiccs
"""연금개혁, '표' 아닌 '길' 만드는 일…자동조정장치 '만능열쇠' 아냐""",Politiccs
대선 코앞 보수 진영서 급부상한 한덕수 출마론,Politiccs
"한은 총재도 ""1분기 역성장"" 인정 … 환율 부담에 금리 못내려",Economic
층간소음·주차난 심각해도 재건축…안전진단 문턱 낮아진다,Economic
"외국인 투자자, 8개월 연속 'K증시 이탈'…지난달 주식 1.6조원 순매도",Economic
"“푸른 제주바다로” 오비맥주, 수월봉 인근 해안변 정화활동",Economic
"하나금융, 발달장애 예술가와 미술 공모전…'하나 아트버스' 시상식 개최",Economic
"금감원, 한화에어로 유증 또 제동…“주주 소통 미흡 등 여전히 부족”",Economic
박스권 갇힌 비트코인…1억2200만원대,Economic
"기아 EV3, '세계 올해의 차' 선정…기술·디자인 호평",Economic
"""즐겁게 건강 관리""…GS25, 저당 아이스크림 매출 50% 급증",Economic
"현대차, 아이오닉 5·코나 EV 생산 또 멈춘다",Economic
“땡큐 넷플릭스” 넷플릭스 호실적에 국내 콘텐츠株도 상승 [종목pick],Economic
김문수 캠프 총괄선대본부장에 장동혁…전략기획본부장 박민식,Economic
미래에셋증권 너마저… 오전 프리마켓 주문 지연 사고 발생,Economic
"미래에셋증권, NXT 프리마켓서 '먹통'…주문 체결 지연",Economic
"미래에셋증권, 주식 주문 오류 발생…""현재 파악 중""",Economic
"""美 경기침체 확률 65%…'S' 충격 겪을수도""",Economic
중국 '한한령' 변화 기대에 엔터주 강세…와이지·큐브엔터↑,Economic
'정치 테마주' 상지건설 11연속 상승세…1647% 폭등[핫종목],Economic
[친절한 경제] 숨 고르는 기준금리…'똘똘한 구축'에 수요 몰린다,Economic
"관세 충격에…LVMH, EU 책임론 제기 ""美 생산 확대 검토""",Economic
'임대료 66만원' 명동에 '우뚝'… '1000원 가게' 다이소의 스케일,Economic
"'이재명 테마주' 상지건설, 11거래일 연속 상한가",Economic
다이소 2세 시대… 경영 전면에 나선 '차녀' 박영주 대표,Economic
"""박스째 사간다""… 일본은 돈키호테, 한국선 '다이소'",Economic
3월 국장에서 외국인 1.6조 팔았다...8개월 연속 '팔자',Economic
유가 하락·美 관세 타격 정유사… 횡재세 공포까지,Economic
"[단독]예견된 허가 불발…녹십자 국산 결핵백신 사업, 결국",Economic
"[속보] 정부, ‘메이슨에 438억원 배상’ ISDS 판정 취소소송 항소 포기",Economic
퇴직연금 '투자' 강조하는 증권사들…자기 퇴직연금은 '예금',Economic
"코스피, 롤러코스터 장 연출…환율은 ↑",Economic
탄소 장벽 앞 철강업계… EU·美 규제에 수출 '빨간불',Economic
바이넥스의 이지케어텍 '바이(Buy)'가 의미하는 것,Economic
중국 ‘한한령’ 해제 기대에 엔터株 상승 [투자360],Economic
"“전세사기 걱정 없게”… 정부, 계약은 LH가 맡는 전세임대 5000가구 도입",Economic
"정부, '메이슨 ISDS 중재판정 취소 소송' 항소 포기",Economic
‘로켓’엔 없는 먹거리…이마트·롯데마트·홈플러스 ‘강동 대전’,Economic
“워낙 오르니 팔러 왔어요”…천장에 지붕까지 뚫은 금값,Economic
"""대통령실·국회 오나""…세종 부동산, 대선공약에 '들썩들썩'",Economic
"HDC현대산업개발, 용산 정비창 조합원당 '이주비 20억' 역대 최대액 제안",Economic
"DSC인베 등 기존 주주도 “더 투자하겠다”... 퓨리오사AI, 투자유치 900억으로 증액",Economic
"신한투자증권 ""카카오페이, 단기 주가 상승 여력 크지 않아""",Economic
"금감원, EV첨단소재·스맥 유상증자 제동",Economic
"[하우머니] 트럼프, 알래스카 LNG 프로젝트에 韓 콕 집은 이유는?",Economic
"[오늘장 탑픽] K-뷰티, 중국서 재도약할까…업황 전망은?",Economic
"KAI ""스마트플랫폼 부당 중단 없다""",Economic
이번엔 미래에셋증권도 ‘먹통’… 프리마켓 주문 오류,Economic
"제23차 세계한인비즈니스대회, 내일 미국 덜루스서 개막",Social
"국토부, 신안산선 공사현장 붕괴사고 사고조사 착수",Social
"""25학번만 운 좋아"" ""사기극""…의대증원 원점에 거센 비판",Social
"[속보] '음주운전·불법숙박업 혐의' 문다혜, 1심 벌금형",Social
"용인 5인 가족 살해 50대 가장 구속…""증거인멸·도주우려""",Social
경남서 어린이집 야외수업 참여한 9살 장애아 물에 빠져 숨져,Social
"尹 탄핵 소회 밝힌 문형배 ""계엄, 관용·자제의 선 넘어""",Social
"도박에 빠져 애들 휴대전화까지 판 남편…“집 나간지 두 달, 생사도 몰라”",Social
"교사 얼굴에 똥기저귀 비빈 엄마…""기회 달라"" 실형에 울부짖었다",Social
21일 尹 두번째 형사재판…재판부 “법정 촬영 허가”,Social
"""상간녀 임신시킨 남편…애 안 낳기로 해서 3년 각방 쓴 제 탓인가요""",Social
“남편 회사에 가서 불륜녀 불러주실 분” 당근 구인글 ‘발칵’,Social
"""배신 행위""…'의대 증원 0'에 수험생·대학생·환자도 화났다",Social
“어머니 안에 있다” 울부짖자 불길 속 뛰어든 경찰…95세 할머니 구조,Social
'이 날만은 차 끌고 오지 마세요'…서울시 '긴급 요청' 이유는,Social
"""尹 탄핵 선고, 모순 없다""…'퇴임' 문형배의 메시지",Social
"수영장서 갑자기 ""으악"" 비명…'감전 추정 사고'로 1명 사망·1명 부상",Social
강남 하굣길서 초등학생 유괴 시도..학부모 불안감 확산,Social
"""너 만나러 가다 사고, 너도 차 수리비 내"" 초보 운전 친구 황당 요구",Social
"""복지장관 만나겠다""…전장연 활동가, 퇴거 불응 현행범 체포",Social
광장의 뜨거움 이어갈 '시민사회처' 설립을 제안한다,Social
"“더럽게 만든다” 핫도그 가게서 행패 부린 격투기 선수 출신 유튜버, 알고보니",Social
대선 포기 뒤 몸값 뛰는 오세훈… 문형배 키워낸 김장하 선생[금주의 인물],Social
"[자막뉴스] 오늘 퇴임하는 문형배…""비상계엄은 관용 자제 뛰어넘어""",Social
"정부, '메이슨에 438억원 배상' 중재판정 취소소송 항소 포기",Social
12살 의붓아들 멍투성이 사망… ‘학대 살해’ 계모 징역 30년 확정,Social
"이용섭 ""저 광주시장 선거 안 나갑니다""",Social
음주운전 이유 1위 “대리운전 없어서” 2위는 “술 마신지 오래돼서”,Social
'일가족 5명 살해' 50대 수사에 프로파일러 투입,Social
"이재명 ""해수부 부산 이전…부울경 메가시티 대한민국 해양수도로""",Social
"'메이슨 ISDS 판정' 그대로 확정…정부, 860억 배상할 듯",Social
[속보]김포 길거리서 차량 훔친 뒤 불 지른 50대 ‘긴급체포’,Social
"음주운전 이유 설문 조사 1위는 ""대리운전 없어서""",Social
문형배·이미선 재판관 오늘 퇴임…헌재 당분간 '7인 체제'로,Social
"""간식 사준다면서…"" 강남서 '유괴 미수' 의심 신고 잇따라",Social
주방 바닥에 쓰러졌던 90대 영월 독거노인…ICT가 구했다,Social
한국이 마약 제조국?…외국 교과서 '한국 오류' 방치 논란,Social
이철우 지사 “명태균과 윤 후보 회동 없었다”…명태균도 “삼자 회동 사실 아냐”,Social
"동기 석연찮은 용인 일가족 살해범… 경찰, 프로파일러 투입",Social
"대구 달성군, 주차장에 복지관 건립 추진하자 지주·업주 ""사기 분양"" 반발",Social
"“생사도 몰라” 아이 휴대폰 팔아 도박하러 간 남편, 이혼될까[사랑과전쟁]",Social
62년 만의 ‘여성 우주여행’이 “반페미니즘” 비판받은 이유[점선면],Social
"""강릉시, 관변단체 조종해 인공분수 찬성 여론몰이... 즉각 중단하라""",Social
'서울팅' 몰매 맞고 물러났는데… '지자체 중매' 되살아난 이유는,Social
[속보]경북만 10만㏊…‘최악’ 영남 산불 전체 피해면적 10만4000㏊ 잠정 집계,Social
"""유명 연예인 콘서트 회식이에요""…수원서 소상공인 노린 신종 '대리 구매' 사기",Social
"탄핵 정국 속, 떼창 쏟아진 콜드플레이의 '인생이여 만세'",Culture
"광주 동구, '책 읽는 도시' 주민 독서운동 본격 전개",Culture
한낮 대전 27도·서울 24도 '초여름'…일교차 15도 안팎,Culture
"""오키나와 여행할 때 '아이오닉 5' 타세요""… 현대차, 렌터카 프로모션",Culture
아인슈타인 뇌·히틀러 고환… 신체 일부의 이야기[북리뷰],Culture
어쩌면 마지막이 될 ‘청와대 밤마실’…5월 황금연휴 야간개방,Culture
 올봄 가장 포근한 하루…내일 미세먼지 '나쁨'[날씨],Culture
보호소 가면 쓴 '신종 펫숍' 근절 나선다…동물보호법 개정안 발의,Culture
"살도 안 빠지고, 근육도 안 생기고...근력 운동 열심히 하는데 왜?",Culture
[약손+] 눈에 찾아오는 노화 ‘백내장’ ⑤밤에는 잘 보이고 낮엔 안 보인다? 백내장에 관한 궁금증,Culture
"“벚꽃놀이 놓쳤다면 여기로… 득도 부르는 꽃 한 송이의 기적”[3시간의 행복, 틈새투어]",Culture
[930 날씨] 벌써 초여름 날씨…내일은 전국 곳곳 비,Culture
“아내에게 한 병 줬더니 한 달이 편하네요”…남편들이 입 모은 미인 ‘필수템’은?,Culture
"전세계가 믿은 ‘5초 법칙’ 배신…“떨어진 음식, 0초만에 세균 범벅”",Culture
"“나는 아무 생각이 없다”…한강 멍때리기 대회, 우승 도전해볼까",Culture
"[날씨] 한낮 영남 30도 육박‥주말, 전국 차츰 비",Culture
[MK 4월 4주 바다낚시] 한 번의 욕심에 300만원 과태료 날아간다는데,Culture
"""여기 왜 이렇게 싸요""…'딸기 2팩 9980원' 순식간에 동났다 [현장+]",Culture
"눈 닿는 곳마다 문화유산, 발 닿는 곳마다 박물관이네요",Culture
[날씨] 오늘도 때 이른 초여름 더위…주말 전국 비,Culture
흉터 이제 ‘예방’할 수 있다 [아프지마연구소],Culture
"[날씨] ""봄 어디 갔어?"" 영남 30℃ 육박하기도...주말 전국 비",Culture
“강남역에 누가 살아요” 신고 확인했더니 7개월간 실종된 30대 장애인,Culture
먹는 비만약 시대 온다…주사제 중심 시장 '지각변동',Culture
‘이것’ 뺐나요?…‘전기·온수 매트’ 고장·감전 위험 없이 보관하려면,Culture
"""하이브리드가 3천만원도 안해?""…르노, 아르카나 연식변경 출시 혜택 쏜다",Culture
바로 ‘이것’ 덕분에...사과 한 개만 먹어도 치매 예방에 좋은 까닭,Culture
"삶의 질 저해하는 비뇨기 질환, 빠른 진단과 치료로 불편함 최소화",Culture
두 달 뒤 조기 대선…이재명 ‘결국 국민이 합니다’도 1위,Culture
"휴식과 위로의 디저트, 레몬 컵케이크 만드는 법 [쿠킹]",Culture
“쿠팡·알테쉬 장점만 모아놨다”…월 400만명이 이용하는 ‘빠르고 싼’ 앱의 정체는,Culture
[밀당365] 돌돌 말아 한입에 쏙 고단백 ‘두부 롤 유부초밥’,Culture
"""아프리카에 대한 잘못된 선입견이 있었나보다"" [시로와 탄의 '내차타고 세계여행' 365일] <59>",Culture
목사님들이 왜 윤석열을 ‘용인’하는가 [독서일기],Culture
"[날씨] 낮 기온 껑충, 곳곳 초여름 더위…미세먼지·황사 유의",Culture
[데일리 헬스] “어디서든 ‘이거’했더니 36kg 뺐다”...감량 비결 뭐길래?,Culture
"현대차, 전기차 숨고르기… '아이오닉5·코나EV' 생산 중단",Culture
"아침에 ‘이 주스’ 한 잔, 혈관 속 기름기 제거한다",Culture
"'일교차 10도 이상' 건강관리에 유의…남부지방, 초여름 날씨",Culture
사강 “자궁내막증으로 장기 파열 경험…재발률 높아 강제 폐경”,Culture
로제는 7년째 유지했지만…“따라하면 머리카락 녹고 탈모” 경고,Culture
"정보 전쟁의 시대, 진실과 거짓의 경계를 묻다 [책볼래]",Culture
이제 사람에 적응했는데.. ‘허브’의 시간은 얼마 남지 않았다,Culture
[제주 날씨] 오늘도 초여름 날씨 이어져…주말 최대 '20mm’  비,Culture
"""회장님 별장 가려고""…480m '개인용 터널'에 분노 폭발",World
트럼프 “中 등과 관세 대화…한달내 무역 협상 타결할것”,World
"""협상 진전"" ""입장차만 확인""…트럼프 - 日 이시바 '극과 극'",World
"이재명, 美타임지 ‘올해 가장 영향력 있는 100인’ 선정",World
"""한국인 교수도 비자 취소로 강의 중단""…트럼프 행정부 유학생 단속 강화",World
" 넷플릭스, 1분기 매출·순익 모두 예상치 상회[외신 헤드라인]",World
"3인조 래퍼 ‘호미들’ 중국 우한서 공연···한국 가수, 8년 만에 본토 상륙",World
‘미국 추방자 수용’ 엘살바도르 교도소 확장…“인권 블랙홀 ‘제2 관타나모’”,World
트럼프 “파월의 해임 빠를수록 좋다”…임기보장된 연준 의장 사퇴 압박,World
2050년 인도는 ‘생존 불가능 온도’… 펄펄 끓는 지구,World
"빠르고 은밀하게, 그리고 투덜대지 마라...애플을 트럼프 관세전쟁서 구한 팀쿡의 비결",World
"포르쉐 회장, 산에 터널 뚫으려다 ‘시끌’…“별장 쉽게 가려고”",World
美 동맹국도 탈달러…지배력 약화 우려하는 투자자들,World
“파월 해고하면 시장 붕괴”…트럼프 연준 압박에 우려 목소리,World
'中 해상 지배' 견제 나선 美…'中 선박 항만 요금' 해운업계 반발에 결국 후퇴,World
"트럼프 ""다음 주 우크라와 광물 협정""…유럽과도 종전안 진전",World
"中 허리펑 부총리, 젠슨 황에 ""중국시장 깊이 경영 환영""",World
"美, 中선사·중국산 선박에 입항 수수료 부과…K조선 수혜보나(종합)",World
"[속보] 명품 `버킨백` 에르메스도 관세에 손들었다…""내달 미국서 가격인상""",World
"미국 저명 경제학자 ""수십년만의 스태그플레이션 충격 가능성""",World
"트럼프 이번엔 中조선 때렸다…“中해운사·중국산 선박, 미국 입항때 수수료 내라”",World
“마지막 국가는 북한”…최연소 나이에 전세계 195개국 여행한 이 남성,World
"LVMH 회장의 경고 ""관세 협상 못하면 EU탓…美서 생산할것""",World
"“미국 가서 버킨백 사면 이젠 손해” ...에르메스, 미국만 가격 인상 예고",World
"'의자가 왜 이래'...中 항공기 '초슬림 좌석 두고 ""하늘에서 고문"" 분통 [지금이뉴스]",World
미 미사일 방어망 ‘골든돔’에 머스크 몰아준다? “스페이스X 유력”,World
세계 각국 ‘경기 둔화’ 걱정…트럼프는 파월에 “나가라”,World
"""당 대선 후보 대신 무소속 밀겠다""…루마니아 정당 이유를 들어보니",World
트럼프 “중국과도 무역협정 맺을 것…거래를 결정하는 건 미국”,World
"'버킨백' 에르메스도 관세에 손들었다…""내달 미국서 가격인상""",World
"美, 中해운사·중국산 선박에 美 입항수수료…韓 조선업체 수혜?(종합)",World
"""머스크의 스페이스X, 트럼프 미사일방어망 '골든돔' 유력 업체""",World
중국 맥도날드 맥모닝엔 한국에 없는 ○이 있다,World
"미국 규제 준수하겠다던 엔비디아 CEO, 중국행 왜?… “중국 시장도 중요”",World
획기적 비만·당뇨 치료 주사제 대체할 GLP-1 알약 개발,World
"IMF 총재 ""무역전쟁에 세계 경제 둔화…침체는 아냐""",World
"""현금 주고 세금도 깎아줄게""…선거 앞두고 '돈 뿌린다'는 지적에 결국 포기",World
[김대호 박사의 오늘의 키워드] 트럼프 관세 소송·DXY 환율 발작·하버드 반란,World
"협상 원하는 트럼프 ""중국이 수차례 연락""…관세 추가 없다고 신호",World
"美 ""中기업, 미군 공격하는 '친이란 반군' 후티에 위성사진 제공""",World
"트럼프 ""중국과 3∼4주 내에 협상 타결 기대…연락해 와""",World
"""갑자기 비자 말소돼 돌아가요""…한국인 현직 교수도 美서 쫓겨나",World
"하마스 ""이스라엘에 포괄적 합의 원해… 인질 석방할 준비 완료""",World
"美, 中해운사·중국산 선박에 입항 수수료…10월부터 적용(상보)",World
"미국, 중국 해운사·중국산 선박에 입항 수수료 부과 결정",World
"트럼프 ""중국과 3~4주 내 무역 합의 가능""… 틱톡 매각도 협상에 연계",World
종주국 美에 원자로 첫 수출,IT
"KAIST, 세계 최대 자율드론 챔피언쉽 대회 세계 3위",IT
"대만으로 떠난 안랩, 현지 맞춤형 보안 솔루션 선봬",IT
"KT클라우드, 업스테이지 등 4개사와 AI파운드리 파트너십",IT
닭 세포에 영양 공급… 10g 덩어리로 자랐다,IT
"구글, 르세라핌과 ‘제미나이’ 활용법 알린다",IT
"일론 머스크, 2세 군단 꿈꾸나…""자녀 수 14명+α""",IT
"""中 CATL 홍콩 상장 막아라""…美 하원, 월가 은행 철수 압박",IT
"오픈AI '5천억 달러' 스타게이트, 유럽 확장 모색…英·獨·佛 물망",IT
AI가 코딩 대체?…신입 개발자 일자리가 사라진다,IT
`폭싹·중증외상센터` 흥행에…트럼프 관세에도 넷플릭스 실적 봄바람,IT
'진짜가 온다'…살 빠지는 '먹는 비만약' 최초 성공,IT
"젠슨 황 엔비디아 CEO 中 방문해 ""협력·혁신""…3번째 우회설계 ‘솔솔’ [소부장반차장]",IT
트럼프 관세 폭탄 피한 애플…팀 쿡의 '밑작업' 통했나,IT
"팀 쿡 애플 CEO 조용한 로비, 美, 中 관세폭탄 속 생존활로 모색",IT
"아이엠비디엑스, 혈액 10㎖로 8가지 암 진단[편즉생 난즉사]⑦",IT
"고객 경험 반영한 LG U+, 3만원대 아시아 로밍 상품 출시",IT
"“흐르는 혈액 속 적혈구 배열까지 읽는다”…GIST, 혈액 검사 지표 실시간 분석 기술 개발",IT
"""딥시크보다 저렴"" 구글 제미나이 2.5에 오픈AI, '느리고 싼' 요금제로 대응",IT
"박스권에 갇힌 비트코인, 8만 4000달러대 거래",IT
"""아이폰18, 2나노 칩 탑재""…얼마나 더 비싸질까",IT
창업 2년도 안돼 1조원 넘는 회사로 성장…“새로운 검색의 시대가 온다”,IT
"""인터넷 안 터져"" 답답해 속 터진다?…디지털 빈틈 메울 '저궤도 위성'",IT
"""우리 옷 입어주세요""…'200만원 의상' 협찬받은 男 정체가",IT
"[미장브리핑] 트럼프 美 대통령 ""연준 금리 인하해라""",IT
"[IT썰] ""넷플릭스 잘 나가네""…1분기 예상 매출 뛰어넘었다",IT
"아이폰18, TSMC 2나노칩 탑재로 가격 인상 가능성[모닝폰]",IT
"머스크 눈독 들이더니, 아마존도 ""한국 상륙""…'조 단위' 베팅 나선 이유",IT
확률 조작 논란 지속… 넥슨 철퇴에도 '그랜드체이스' 도마 위,IT
"""대학병원 인력난 어쩌나""…제대 군의관·공보의 중 상당수 개원 '가닥'",IT
위믹스 오늘 운명의날…또 다시 상폐 갈림길,IT
펄어비스가 팔고 200억 벌때 엔씨는 뚝심투자…'빅게임' 운명은,IT
토종 지도 앱 이용자 '역대 최대'…韓 특화 서비스로 안방 단속,IT
“무섭다” 소리로 가득찬 이곳…‘괴물 능력치’ 뽐내는 AI에 판교는 고용쇼크,IT
"中 CXMT, 올해 D램 생산량 68% 확대… “SK하이닉스 절반 근접”",IT
[단독] 1만원대 20GB 5G 알뜰폰 요금제 가입회선 3000여개 불과,IT
"""인터넷 유료방송 하자"" 꼬드기는 가짜 BJ 조심하세요",IT
"""이제 막 발 들였는데"" 콘솔 가격 오를라…게임 업계도 '발 동동'",IT
'코리안 버핏' VIP자산운용이 움직였다…  '솔루엠' 주목,IT
구형GPU·관세쇼크에 MS 데이터센터 축소…머스크만 가속페달,IT
124광년 '수퍼지구'엔 외계인이 살까… 제임스웹 “우주 생명체 포착”,IT
단순히 공짜라서? 6억명 사로잡은 외국어 공부 앱의 성공 비밀,IT
